﻿<?xml version="1.0" encoding="utf-8"?>
<Elements xmlns="http://schemas.microsoft.com/sharepoint/">
  <Module Name="_ctsTest Doc Set_" HyperlinkBaseUrl="http://moss.contoso.com/sites/docsettest" Path="WelcomePages\Files\_cts\Test Doc Set" Url="_cts/Test Doc Set">
    <File Url="docsethomepage.aspx" Path="docsethomepage.aspx">
      <AllUsersWebPart WebPartOrder="0" WebPartZoneID="WebPartZone_TopLeft" ID="g_ae6da3d4_9233_45d6_b9fd_6300815e16c6">
        <![CDATA[<WebPart xmlns:xsi="http://www.w3.org/2001/XMLSchema-instance" xmlns:xsd="http://www.w3.org/2001/XMLSchema" xmlns="http://schemas.microsoft.com/WebPart/v2">
                  <Title>Content Editor</Title>
                  <FrameType>Default</FrameType>
                  <Description>Allows authors to enter rich text content.</Description>
                  <IsIncluded>true</IsIncluded>
                  <ZoneID>Left</ZoneID>
                  <PartOrder>0</PartOrder>
                  <FrameState>Normal</FrameState>
                  <Height />
                  <Width />
                  <AllowRemove>true</AllowRemove>
                  <AllowZoneChange>true</AllowZoneChange>
                  <AllowMinimize>true</AllowMinimize>
                  <AllowConnect>true</AllowConnect>
                  <AllowEdit>true</AllowEdit>
                  <AllowHide>true</AllowHide>
                  <IsVisible>true</IsVisible>
                  <DetailLink />
                  <HelpLink />
                  <HelpMode>Modeless</HelpMode>
                  <Dir>Default</Dir>
                  <PartImageSmall />
                  <MissingAssembly>Cannot import this Web Part.</MissingAssembly>
                  <PartImageLarge>/_layouts/images/mscontl.gif</PartImageLarge>
                  <IsIncludedFilter />
                  <Assembly>Microsoft.SharePoint, Version=14.0.0.0, Culture=neutral, PublicKeyToken=71e9bce111e9429c</Assembly>
                  <TypeName>Microsoft.SharePoint.WebPartPages.ContentEditorWebPart</TypeName>
                  <ContentLink xmlns="http://schemas.microsoft.com/WebPart/v2/ContentEditor" />
                  <Content xmlns="http://schemas.microsoft.com/WebPart/v2/ContentEditor" />
                  <PartStorage xmlns="http://schemas.microsoft.com/WebPart/v2/ContentEditor" />
                </WebPart>]]>
      </AllUsersWebPart>
      <AllUsersWebPart WebPartOrder="0" WebPartZoneID="WebPartZone_CenterMain" ID="g_d8062545_cc87_4e82_9c55_cae80486ffea">
        <![CDATA[<WebPart xmlns:xsi="http://www.w3.org/2001/XMLSchema-instance" xmlns:xsd="http://www.w3.org/2001/XMLSchema" xmlns="http://schemas.microsoft.com/WebPart/v2">
                  <Title>Document Set Contents</Title>
                  <FrameType>Default</FrameType>
                  <Description>Displays the contents of the Document Set.</Description>
                  <IsIncluded>true</IsIncluded>
                  <ZoneID>WebPartZone_CenterMain</ZoneID>
                  <PartOrder>0</PartOrder>
                  <FrameState>Normal</FrameState>
                  <Height />
                  <Width />
                  <AllowRemove>true</AllowRemove>
                  <AllowZoneChange>true</AllowZoneChange>
                  <AllowMinimize>true</AllowMinimize>
                  <AllowConnect>true</AllowConnect>
                  <AllowEdit>true</AllowEdit>
                  <AllowHide>true</AllowHide>
                  <IsVisible>true</IsVisible>
                  <DetailLink />
                  <HelpLink />
                  <HelpMode>Modeless</HelpMode>
                  <Dir>Default</Dir>
                  <PartImageSmall />
                  <MissingAssembly>Cannot import this Web Part.</MissingAssembly>
                  <PartImageLarge>/_layouts/images/msimagel.gif</PartImageLarge>
                  <IsIncludedFilter />
                  <DisplayText>
                  </DisplayText>
                  <Assembly>Microsoft.Office.DocumentManagement, Version=14.0.0.0, Culture=neutral, PublicKeyToken=71e9bce111e9429c</Assembly>
                  <TypeName>Microsoft.Office.Server.WebControls.DocumentSetContentsWebPart</TypeName>
                </WebPart>]]>
      </AllUsersWebPart>
      <AllUsersWebPart WebPartOrder="0" WebPartZoneID="WebPartZone_Top" ID="g_651be1ba_c8bb_4d29_87b0_87c769cd5179">
        <![CDATA[<WebPart xmlns:xsi="http://www.w3.org/2001/XMLSchema-instance" xmlns:xsd="http://www.w3.org/2001/XMLSchema" xmlns="http://schemas.microsoft.com/WebPart/v2">
                    <Title>Document Set Properties</Title>
                    <FrameType>Default</FrameType>
                    <Description>Displays the properties of the Document Set.</Description>
                    <IsIncluded>true</IsIncluded>
                    <ZoneID>WebPartZone_Top</ZoneID>
                    <PartOrder>0</PartOrder>
                    <FrameState>Normal</FrameState>
                    <Height />
                    <Width />
                    <AllowRemove>true</AllowRemove>
                    <AllowZoneChange>true</AllowZoneChange>
                    <AllowMinimize>true</AllowMinimize>
                    <AllowConnect>true</AllowConnect>
                    <AllowEdit>true</AllowEdit>
                    <AllowHide>true</AllowHide>
                    <IsVisible>true</IsVisible>
                    <DetailLink />
                    <HelpLink />
                    <HelpMode>Modeless</HelpMode>
                    <Dir>Default</Dir>
                    <PartImageSmall />
                    <MissingAssembly>Cannot import this Web Part.</MissingAssembly>
                    <PartImageLarge>/_layouts/images/msimagel.gif</PartImageLarge>
                    <IsIncludedFilter />
                    <DisplayText>
                    </DisplayText>
                    <Assembly>Microsoft.Office.DocumentManagement, Version=14.0.0.0, Culture=neutral, PublicKeyToken=71e9bce111e9429c</Assembly>
                    <TypeName>Microsoft.Office.Server.WebControls.DocumentSetPropertiesWebPart</TypeName>
                  </WebPart>]]>
      </AllUsersWebPart>
    </File>
    <File Path="Enterprise Content Management.docx" Url="Enterprise Content Management.docx" />
    <File Path="Extending Search.docx" Url="Extending Search.docx" />
</Module>
</Elements>