﻿<?xml version="1.0" encoding="utf-8"?>
<Elements xmlns="http://schemas.microsoft.com/sharepoint/">
  <ContentType ID="0x0120D520002228EBDE71841343B23171CE351F7D39" Name="Test Doc Set" Group="Document Set Content Types" Version="2" ProgId="SharePoint.DocumentSet">
    <Folder TargetName="_cts/Test Doc Set" />
    <FieldRefs>
      <FieldRef ID="{038d1503-4629-40f6-adaf-b47d1ab2d4fe}" Name="Company" />
    </FieldRefs>
    <XmlDocuments>
      <XmlDocument NamespaceURI="http://schemas.microsoft.com/sharepoint/events">
        <spe:Receivers xmlns:spe="http://schemas.microsoft.com/sharepoint/events">
          <Receiver>
            <Name>DocumentSet ItemUpdated</Name>
            <Synchronization>Synchronous</Synchronization>
            <Type>10002</Type>
            <SequenceNumber>100</SequenceNumber>
            <Assembly>Microsoft.Office.DocumentManagement, Version=14.0.0.0, Culture=neutral, PublicKeyToken=71e9bce111e9429c</Assembly>
            <Class>Microsoft.Office.DocumentManagement.DocumentSets.DocumentSetEventReceiver</Class>
            <Data />
            <Filter />
          </Receiver>
          <Receiver>
            <Name>DocumentSet ItemAdded</Name>
            <Synchronization>Synchronous</Synchronization>
            <Type>10001</Type>
            <SequenceNumber>100</SequenceNumber>
            <Assembly>Microsoft.Office.DocumentManagement, Version=14.0.0.0, Culture=neutral, PublicKeyToken=71e9bce111e9429c</Assembly>
            <Class>Microsoft.Office.DocumentManagement.DocumentSets.DocumentSetItemsEventReceiver</Class>
            <Data />
            <Filter />
          </Receiver>
        </spe:Receivers>
      </XmlDocument>
      <XmlDocument NamespaceURI="http://schemas.microsoft.com/office/documentsets/allowedcontenttypes">
        <act:AllowedContentTypes xmlns:act="http://schemas.microsoft.com/office/documentsets/allowedcontenttypes" LastModified="11/4/2009 3:30:17 PM">
          <AllowedContentType id="0x0101" />
        </act:AllowedContentTypes>
      </XmlDocument>
      <XmlDocument NamespaceURI="http://schemas.microsoft.com/office/documentsets/sharedfields">
        <sf:SharedFields xmlns:sf="http://schemas.microsoft.com/office/documentsets/sharedfields" LastModified="11/4/2009 3:31:50 PM">
          <SharedField id="cbb92da4-fd46-4c7d-af6c-3128c2a5576e" />
          <SharedField id="038d1503-4629-40f6-adaf-b47d1ab2d4fe" />
        </sf:SharedFields>
      </XmlDocument>
      <XmlDocument NamespaceURI="http://schemas.microsoft.com/office/documentsets/welcomepagefields">
        <wpf:AllowedContentTypes xmlns:wpf="http://schemas.microsoft.com/office/documentsets/welcomepagefields" LastModified="11/4/2009 3:31:50 PM">
          <WelcomePageField id="038d1503-4629-40f6-adaf-b47d1ab2d4fe" />
        </wpf:AllowedContentTypes>
      </XmlDocument>
      <XmlDocument NamespaceURI="http://schemas.microsoft.com/office/documentsets/defaultdocuments">
        <dd:DefaultDocuments xmlns:dd="http://schemas.microsoft.com/office/documentsets/defaultdocuments" LastModified="11/5/2009 8:39:24 AM" AddSetName="True">
          <DefaultDocument name="Enterprise Content Management.docx" idContentType="0x0101" />
          <DefaultDocument name="Extending Search.docx" idContentType="0x0101" />
        </dd:DefaultDocuments>
      </XmlDocument>
      <XmlDocument NamespaceURI="http://schemas.microsoft.com/sharepoint/v3/contenttype/forms">
        <FormTemplates xmlns="http://schemas.microsoft.com/sharepoint/v3/contenttype/forms">
          <Display>DocSetDisplayForm</Display>
          <Edit>ListForm</Edit>
          <New>DocSetDisplayForm</New>
        </FormTemplates>
      </XmlDocument>
      <XmlDocument NamespaceURI="http://schemas.microsoft.com/sharepoint/v3/contenttype/forms/url">
        <FormUrls xmlns="http://schemas.microsoft.com/sharepoint/v3/contenttype/forms/url">
          <New>_layouts/NewDocSet.aspx</New>
        </FormUrls>
      </XmlDocument>
    </XmlDocuments>
  </ContentType>
</Elements>
